Acknowledgment in paper for Germany,Count,Percentage,Percentage in 2018,Difference with previous year
Not mentioned at all,40,20.304568527918782,21.35593220338983,-1.0513636754710483
Acknowledged in the main text,17,8.629441624365482,9.491525423728813,-0.8620837993633312
Acknowledged in acknowledgements section,26,13.19796954314721,18.983050847457626,-5.785081304310417
Named as co-author,98,49.746192893401016,42.03389830508474,7.712294588316276
Named as main author,16,8.121827411167512,8.135593220338983,-0.013765809171470522
