Acknowledgment in paper for United Kingdom,Count,Percentage,Percentage in 2018,Difference with previous year
Not mentioned at all,17,12.592592592592592,19.158878504672895,-6.566285912080303
Acknowledged in the main text,12,8.88888888888889,4.672897196261682,4.215991692627207
Acknowledged in acknowledgements section,19,14.074074074074074,19.626168224299064,-5.55209415022499
Named as co-author,80,59.25925925925925,51.4018691588785,7.857390100380755
Named as main author,7,5.185185185185185,5.14018691588785,0.04499826929733519
