Acknowledgment in paper for Australia,Count,Percentage,Percentage in 2018,Difference with previous year
Not mentioned at all,6,20.0,20.224719101123593,-0.2247191011235934
Acknowledged in the main text,3,10.0,3.3707865168539324,6.629213483146067
Acknowledged in acknowledgements section,9,30.0,20.224719101123593,9.775280898876407
Named as co-author,11,36.666666666666664,50.56179775280899,-13.895131086142328
Named as main author,1,3.3333333333333335,5.617977528089887,-2.2846441947565537
