Acknowledgment in paper for World,Count,Percentage,Percentage in 2018,Difference with previous year
Not mentioned at all,126,16.091954022988507,20.85201793721973,-4.760063914231225
Acknowledged in the main text,60,7.662835249042145,8.071748878923767,-0.4089136298816216
Acknowledged in acknowledgements section,128,16.347381864623244,18.385650224215247,-2.038268359592003
Named as co-author,426,54.406130268199234,47.08520179372198,7.320928474477256
Named as main author,43,5.491698595146871,5.605381165919283,-0.11368257077241228
