Acknowledgment in paper for Netherlands,Count,Percentage,Percentage in 2018,Difference with previous year
Not mentioned at all,8,14.285714285714285,23.52941176470588,-9.243697478991596
Acknowledged in the main text,4,7.142857142857142,13.725490196078432,-6.58263305322129
Acknowledged in acknowledgements section,10,17.857142857142858,15.686274509803921,2.1708683473389367
Named as co-author,28,50.0,45.09803921568628,4.901960784313722
Named as main author,6,10.714285714285714,1.9607843137254901,8.753501400560223
