Citation of software for Canada,Count,Percentage
1 (None at all),,
2,,
3,,
4,,
5,,
6,1.0,11.11111111111111
7,,
8,,
9,1.0,11.11111111111111
10 (All the time),5.0,55.55555555555556
