Contract type for Netherlands,Count,Percentage,Percentage in 2018,Difference with previous year
Full Time,49,75.38461538461539,79.62962962962963,-4.2450142450142465
Part-time,16,24.615384615384617,20.37037037037037,4.2450142450142465
