Contract type for New Zealand,Count,Percentage,Percentage in 2018,Difference with previous year
Full Time,23,85.18518518518519,72.97297297297297,12.212212212212222
Part-time,4,14.814814814814813,27.027027027027028,-12.212212212212215
