Contract type for United States,Count,Percentage,Percentage in 2018,Difference with previous year
Full Time,151,98.05194805194806,96.5986394557823,1.4533085961657548
Part-time,3,1.948051948051948,2.7210884353741496,-0.7730364873222015
