developing code for others for United Kingdom,Count,Percentage,Percentage in 2018,Difference with previous year
0 - Mostly me,12,7.361963190184049,5.508474576271186,1.8534886139128632
1,12,7.361963190184049,11.440677966101696,-4.078714775917646
2,18,11.042944785276074,19.06779661016949,-8.024851824893418
3,36,22.085889570552148,15.677966101694915,6.407923468857232
4,39,23.92638036809816,17.372881355932204,6.5534990121659575
5 - Mostly other people,46,28.22085889570552,30.93220338983051,-2.7113444941249902
