developing code for others for South Africa,Count,Percentage,Percentage in 2018,Difference with previous year
2,1,50.0,17.391304347826086,32.608695652173914
3,1,50.0,26.08695652173913,23.91304347826087
