developing code for others for United States,Count,Percentage,Percentage in 2018,Difference with previous year
0 - Mostly me,6,4.0,2.0408163265306123,1.9591836734693877
1,10,6.666666666666667,10.884353741496598,-4.217687074829931
2,17,11.333333333333332,14.965986394557824,-3.6326530612244916
3,33,22.0,16.3265306122449,5.673469387755102
4,31,20.666666666666668,21.08843537414966,-0.4217687074829932
5 - Mostly other people,53,35.333333333333336,34.69387755102041,0.639455782312929
