developing code for others for Netherlands,Count,Percentage,Percentage in 2018,Difference with previous year
0 - Mostly me,7,11.11111111111111,5.555555555555555,5.555555555555555
1,8,12.698412698412698,12.962962962962962,-0.2645502645502642
2,3,4.761904761904762,9.25925925925926,-4.497354497354498
3,9,14.285714285714285,24.074074074074073,-9.788359788359788
4,14,22.22222222222222,25.925925925925924,-3.7037037037037024
5 - Mostly other people,22,34.92063492063492,22.22222222222222,12.698412698412696
