Did you participate in conference for New Zealand,Count,Percentage,Percentage in 2018,Difference with previous year
Yes,13,54.166666666666664,56.25,-2.0833333333333357
No,11,45.83333333333333,43.75,2.0833333333333286
