Did you participate in conference for Australia,Count,Percentage,Percentage in 2018,Difference with previous year
Yes,19,61.29032258064516,55.55555555555556,5.734767025089603
No,12,38.70967741935484,44.44444444444444,-5.734767025089603
