Did you participate in conference for United States,Count,Percentage,Percentage in 2018,Difference with previous year
Yes,80,58.3941605839416,59.84848484848485,-1.4543242645432528
No,57,41.605839416058394,40.15151515151515,1.4543242645432457
