Did you participate in conference for Canada,Count,Percentage,Percentage in 2018,Difference with previous year
Yes,5,45.45454545454545,30.0,15.454545454545453
No,6,54.54545454545454,70.0,-15.45454545454546
