Did you participate in conference for Germany,Count,Percentage,Percentage in 2018,Difference with previous year
Yes,127,61.6504854368932,54.347826086956516,7.3026593499366825
No,79,38.349514563106794,45.65217391304348,-7.3026593499366825
