Did you participate in conference for World,Count,Percentage,Percentage in 2018,Difference with previous year
Yes,464,57.711442786069654,56.014150943396224,1.6972918426734296
No,340,42.28855721393035,43.985849056603776,-1.6972918426734225
