Different job title for World,Count,Percentage
No,678,80.71428571428572
Yes,162,19.28571428571429
