Different job title for Germany,Count,Percentage
No,170,82.92682926829268
Yes,35,17.073170731707318
