Highest level of education for Netherlands,Count,Percentage,Percentage in 2018,Difference with previous year
PhD,34,51.515151515151516,50.0,1.5151515151515156
WO (Wetenschappelijk onderwijs) Master,26,39.39393939393939,37.03703703703704,2.356902356902353
HBO (Hoger beroepsonderwijs) Master,3,4.545454545454546,5.555555555555555,-1.0101010101010095
HBO (Hoger beroepsonderwijs) Bachelor,2,3.0303030303030303,1.8518518518518516,1.1784511784511786
WO (Wetenschappelijk onderwijs) Bachelor,1,1.5151515151515151,5.555555555555555,-4.04040404040404
