Gender for New Zealand,Count,Percentage
Male,20,76.92307692307693
Female,4,15.384615384615385
Prefer not to say,1,3.8461538461538463
Prefer to self describe,1,3.8461538461538463
