Gender for United Kingdom,Count,Percentage
Male,104,71.23287671232876
Female,29,19.863013698630137
Prefer not to say,9,6.164383561643835
Prefer to self describe,4,2.73972602739726
