Gender for Germany,Count,Percentage
Male,174,84.46601941747572
Female,27,13.106796116504855
Prefer not to say,4,1.9417475728155338
Prefer to self describe,1,0.48543689320388345
