Gender for Netherlands,Count,Percentage
Male,48,82.75862068965517
Female,7,12.068965517241379
Prefer not to say,3,5.172413793103448
