Gender for United States,Count,Percentage
Male,107,78.1021897810219
Female,24,17.51824817518248
Prefer not to say,4,2.9197080291970803
Prefer to self describe,2,1.4598540145985401
