Gender for World,Count,Percentage
Male,639,79.47761194029852
Female,127,15.796019900497512
Prefer not to say,29,3.6069651741293534
Prefer to self describe,9,1.1194029850746268
