Gender for Australia,Count,Percentage
Male,26,83.87096774193549
Female,4,12.903225806451612
Prefer not to say,1,3.225806451612903
