Joining a RSE/RSD association for United Kingdom,Count,Percentage,Percentage in 2018,Difference with previous year
Yes,27,64.28571428571429,75.0,-10.714285714285708
No,15,35.714285714285715,25.0,10.714285714285715
