Joining a RSE/RSD association for United States,Count,Percentage,Percentage in 2018,Difference with previous year
Yes,19,67.85714285714286,68.75,-0.8928571428571388
No,9,32.142857142857146,31.25,0.8928571428571459
