Joining a RSE/RSD association for World,Count,Percentage,Percentage in 2018,Difference with previous year
Yes,231,64.52513966480447,70.66381156316916,-6.1386718983646915
No,127,35.47486033519553,29.336188436830835,6.138671898364695
