Joining a RSE/RSD association for Germany,Count,Percentage,Percentage in 2018,Difference with previous year
Yes,87,72.5,65.14285714285715,7.357142857142847
No,33,27.500000000000004,34.85714285714286,-7.357142857142858
