Joining a RSE/RSD association for New Zealand,Count,Percentage,Percentage in 2018,Difference with previous year
Yes,7,58.333333333333336,43.75,14.583333333333336
No,5,41.66666666666667,56.25,-14.583333333333329
