Joining a RSE/RSD association for Australia,Count,Percentage,Percentage in 2018,Difference with previous year
Yes,7,63.63636363636363,73.17073170731707,-9.534368070953441
No,4,36.36363636363637,26.82926829268293,9.534368070953438
