Joining a RSE/RSD association for Netherlands,Count,Percentage,Percentage in 2018,Difference with previous year
Yes,10,58.82352941176471,85.71428571428571,-26.890756302520998
No,7,41.17647058823529,14.285714285714285,26.890756302521005
