member of a dedicated group for Germany,Count,Percentage,Percentage in 2018,Difference with previous year
No,53,24.42396313364055,38.85135135135135,-14.427388217710796
Yes,164,75.57603686635944,61.14864864864865,14.427388217710792
