member of a dedicated group for United States,Count,Percentage,Percentage in 2018,Difference with previous year
No,62,43.35664335664335,49.275362318840585,-5.918718962197232
Yes,81,56.64335664335665,50.72463768115942,5.918718962197225
