member of a dedicated group for Canada,Count,Percentage,Percentage in 2018,Difference with previous year
No,6,54.54545454545454,90.0,-35.45454545454546
Yes,5,45.45454545454545,10.0,35.45454545454545
