member of a dedicated group for New Zealand,Count,Percentage,Percentage in 2018,Difference with previous year
No,19,73.07692307692307,58.82352941176471,14.253393665158356
Yes,7,26.923076923076923,41.17647058823529,-14.253393665158367
