member of a dedicated group for Australia,Count,Percentage,Percentage in 2018,Difference with previous year
No,24,77.41935483870968,64.04494382022472,13.374411018484963
Yes,7,22.58064516129032,35.95505617977528,-13.374411018484963
