member of a dedicated group for Netherlands,Count,Percentage,Percentage in 2018,Difference with previous year
No,27,45.76271186440678,58.82352941176471,-13.060817547357928
Yes,32,54.23728813559322,41.17647058823529,13.060817547357928
