Member of an association of RSE/RSD for Netherlands,Count,Percentage,Percentage in 2017,Difference with previous year
Yes,23,56.09756097560976,46.55172413793103,9.545836837678728
No,18,43.90243902439025,53.44827586206896,-9.545836837678713
