member of a dedicated group for World,Count,Percentage,Percentage in 2018,Difference with previous year
No,402,47.23854289071681,49.77628635346756,-2.537743462750754
Yes,449,52.76145710928319,50.223713646532445,2.537743462750747
