Nature of employment for United States,Count,Percentage,Percentage in 2018,Difference with previous year
Permanent -- funded by Institution core funding,61,39.61038961038961,34.01360544217687,5.596784168212743
Permanent -- funded by project funds,59,38.311688311688314,34.01360544217687,4.298082869511447
Fixed term -- funded by project funds,19,12.337662337662337,18.367346938775512,-6.029684601113175
Prefer not to say,5,3.2467532467532463,0.6802721088435374,2.566481137909709
Fixed term -- funded by Institution core funding,3,1.948051948051948,1.3605442176870748,0.5875077303648732
Fixed term -- Research/Student Assistant,3,1.948051948051948,,
"Fixed term -- Freelancer, consultant, contractor",2,1.2987012987012987,,
Fixed term -- Agency staff,2,1.2987012987012987,,
