Number of software developers per projects for Australia,Count,Percentage,Percentage in 2018,Difference with previous year
0.0,1,3.571428571428571,2.4096385542168677,1.1617900172117035
1.0,11,39.285714285714285,42.168674698795186,-2.8829604130809017
2.0,8,28.57142857142857,19.27710843373494,9.294320137693628
3.0,2,7.142857142857142,20.481927710843372,-13.33907056798623
4.0,1,3.571428571428571,3.614457831325301,-0.04302925989672968
5.0,3,10.714285714285714,3.614457831325301,7.099827882960413
10.0,1,3.571428571428571,1.2048192771084338,2.3666092943201376
100.0,1,3.571428571428571,,
