Number of software developers per projects for Netherlands,Count,Percentage,Percentage in 2018,Difference with previous year
0.0,2,3.508771929824561,,
1.0,15,26.31578947368421,24.489795918367346,1.8259935553168631
2.0,20,35.08771929824561,40.816326530612244,-5.728607232366635
3.0,11,19.298245614035086,22.448979591836736,-3.15073397780165
4.0,3,5.263157894736842,4.081632653061225,1.181525241675617
5.0,3,5.263157894736842,4.081632653061225,1.181525241675617
7.0,1,1.7543859649122806,2.0408163265306123,-0.2864303616183317
8.0,1,1.7543859649122806,,
10.0,1,1.7543859649122806,,
