Open source use for Canada,Count,Percentage,Percentage in 2018,Difference with previous year
1 (None at all),,,,
2,,,,
3,,,,
4,,,,
5,1.0,9.090909090909092,,
6,,,,
7,1.0,9.090909090909092,,
8,1.0,9.090909090909092,10.0,-0.9090909090909083
9,2.0,18.181818181818183,,
10 (All the time),5.0,45.45454545454545,80.0,-34.54545454545455
