Operating systems for Netherlands,Count,Percentage,Percentage in 2018,Difference with previous year
GNU/Linux,36,63.1578947368421,62.5,0.6578947368421026
macOS,12,21.052631578947366,,
Windows,9,15.789473684210526,20.833333333333336,-5.04385964912281
