Organisation type for Germany,Percentage in 2018
Helmholtz Association of German Research Centres,24.924924924924923
University,20.72072072072072
Fraunhofer Society,19.21921921921922
Max Planck Society,11.411411411411411
Other,9.90990990990991
Leibniz Association,8.408408408408409
Government,2.7027027027027026
Private Company,1.8018018018018018
University of Applied Sciences,0.9009009009009009
