Organisation type for Netherlands,Percentage in 2018
University,53.70370370370371
Non-profit organization,14.814814814814813
Other,11.11111111111111
National laboratory,7.4074074074074066
Government,7.4074074074074066
Private company,3.7037037037037033
NGO,1.8518518518518516
