Organisation type for Australia,Count,Percentage,Percentage in 2018,Difference with previous year
University,19,59.375,54.54545454545454,4.82954545454546
Non-profit organization,4,12.5,8.080808080808081,4.419191919191919
Government,4,12.5,13.131313131313133,-0.6313131313131333
Other,2,6.25,2.0202020202020203,4.229797979797979
National laboratory,2,6.25,21.21212121212121,-14.962121212121211
NGO,1,3.125,,
