Organisation type for United States,Count,Percentage,Percentage in 2018,Difference with previous year
University,100,64.93506493506493,56.4625850340136,8.47247990105133
National laboratory,21,13.636363636363635,19.727891156462583,-6.091527520098948
Private company,13,8.441558441558442,6.802721088435375,1.6388373531230673
Government,12,7.792207792207792,3.4013605442176873,4.390847247990105
Non-profit organization,5,3.2467532467532463,10.204081632653061,-6.957328385899815
Other,2,1.2987012987012987,2.7210884353741496,-1.4223871366728509
NGO,1,0.6493506493506493,0.6802721088435374,-0.030921459492888048
