Organisation type for World,Count,Percentage,Percentage in 2018,Difference with previous year
University,396,62.36220472440945,47.93969849246231,14.422506231947139
National laboratory,86,13.543307086614172,10.050251256281408,3.4930558303327643
Government,56,8.818897637795276,5.427135678391959,3.3917619594033166
Non-profit organization,39,6.141732283464567,4.42211055276382,1.719621730700747
Private company,39,6.141732283464567,3.919597989949749,2.222134293514818
Other,17,2.677165354330709,5.427135678391959,-2.7499703240612505
NGO,2,0.31496062992125984,0.5025125628140703,-0.18755193289281047
