Organisation type for Canada,Count,Percentage,Percentage in 2018,Difference with previous year
University,6,54.54545454545454,81.81818181818183,-27.272727272727288
Private company,3,27.27272727272727,9.090909090909092,18.18181818181818
Government,1,9.090909090909092,,
Non-profit organization,1,9.090909090909092,9.090909090909092,0.0
