Presence of transition plan for Netherlands,Count,Percentage,Percentage in 2018,Difference with previous year
Yes,7,12.068965517241379,19.607843137254903,-7.538877620013524
No,51,87.93103448275862,80.3921568627451,7.538877620013523
