Presence of transition plan for Australia,Count,Percentage,Percentage in 2018,Difference with previous year
Yes,8,25.806451612903224,10.227272727272728,15.579178885630496
No,23,74.19354838709677,89.77272727272727,-15.579178885630498
