Presence of transition plan for United States,Count,Percentage,Percentage in 2018,Difference with previous year
Yes,25,17.482517482517483,20.28985507246377,-2.807337589946286
No,118,82.51748251748252,79.71014492753623,2.807337589946286
