Presence of transition plan for United Kingdom,Count,Percentage,Percentage in 2018,Difference with previous year
Yes,43,28.289473684210524,24.299065420560748,3.990408263649776
No,109,71.71052631578947,75.70093457943925,-3.9904082636497833
