Presence of transition plan for Canada,Count,Percentage,Percentage in 2018,Difference with previous year
Yes,4,36.36363636363637,20.0,16.363636363636367
No,7,63.63636363636363,80.0,-16.363636363636367
