Presence of transition plan for New Zealand,Count,Percentage,Percentage in 2018,Difference with previous year
Yes,6,23.076923076923077,8.823529411764707,14.25339366515837
No,20,76.92307692307693,91.17647058823529,-14.253393665158356
