Presence of transition plan for Germany,Count,Percentage,Percentage in 2018,Difference with previous year
Yes,22,10.138248847926267,16.216216216216218,-6.077967368289951
No,195,89.86175115207374,83.78378378378379,6.077967368289947
