Presence of transition plan for World,Count,Percentage,Percentage in 2018,Difference with previous year
Yes,145,17.119244391971662,18.253079507278834,-1.1338351153071713
No,702,82.88075560802834,81.74692049272116,1.1338351153071784
