Programming languages for United States,Count,Percentage,Percentage in 2018,Difference with previous year
Python,128.0,80.0,78.2312925170068,1.768707482993193
C++,55.0,34.375,34.69387755102041,-0.3188775510204067
R,49.0,30.625000000000004,23.12925170068027,7.495748299319732
SQL,48.0,30.0,31.97278911564626,-1.9727891156462611
JavaScript,46.0,28.749999999999996,28.57142857142857,0.17857142857142705
C,35.0,21.875,34.01360544217687,-12.138605442176868
Fortran,29.0,18.125,20.408163265306122,-2.283163265306122
Matlab,27.0,16.875,13.60544217687075,3.269557823129251
Java,27.0,16.875,21.08843537414966,-4.213435374149661
other. What programming languages do you use at work? Please select all that apply. ,16.0,10.0,0.0,10.0
Perl,15.0,9.375,13.60544217687075,-4.230442176870749
TypeScript,13.0,8.125,0.6802721088435374,7.444727891156463
Julia,13.0,8.125,2.7210884353741496,5.403911564625851
PHP,12.0,7.5,6.802721088435375,0.6972789115646254
Ruby,9.0,5.625,4.081632653061225,1.5433673469387754
C#,6.0,3.75,6.122448979591836,-2.3724489795918364
Go,6.0,3.75,1.3605442176870748,2.3894557823129254
Scala,5.0,3.125,2.0408163265306123,1.0841836734693877
Lua,4.0,2.5,1.3605442176870748,1.1394557823129252
Common Lisp,4.0,2.5,0.6802721088435374,1.8197278911564627
Assembly,3.0,1.875,2.7210884353741496,-0.8460884353741496
Groovy,3.0,1.875,2.7210884353741496,-0.8460884353741496
Objective-C,2.0,1.25,0.6802721088435374,0.5697278911564626
VB.NET,2.0,1.25,0.0,1.25
Haskell,2.0,1.25,0.0,1.25
Visual Basic,2.0,1.25,0.6802721088435374,0.5697278911564626
Rust,2.0,1.25,1.3605442176870748,-0.11054421768707479
VBA,2.0,1.25,2.7210884353741496,-1.4710884353741496
Dart,1.0,0.625,0.0,0.625
Swift,1.0,0.625,0.6802721088435374,-0.05527210884353739
Elixir,1.0,0.625,0.6802721088435374,-0.05527210884353739
CoffeeScript,0.0,0.0,1.3605442176870748,-1.3605442176870748
Clojure,0.0,0.0,1.3605442176870748,-1.3605442176870748
