Professional developer for Netherlands,Count,Percentage,Percentage in 2018,Difference with previous year
Yes,44,68.75,54.71698113207547,14.033018867924532
No,20,31.25,45.28301886792453,-14.033018867924532
