Professional developer for United Kingdom,Count,Percentage,Percentage in 2018,Difference with previous year
Yes,118,69.41176470588235,62.71929824561403,6.692466460268321
No,52,30.58823529411765,37.280701754385966,-6.692466460268317
