Professional developer for New Zealand,Count,Percentage,Percentage in 2018,Difference with previous year
Yes,15,53.57142857142857,66.66666666666666,-13.095238095238088
No,13,46.42857142857143,33.33333333333333,13.095238095238102
