Professional developer for Germany,Count,Percentage,Percentage in 2018,Difference with previous year
Yes,112,44.44444444444444,47.3186119873817,-2.8741675429372577
No,140,55.55555555555556,52.6813880126183,2.8741675429372577
