Professional developer for Australia,Count,Percentage,Percentage in 2018,Difference with previous year
Yes,15,46.875,46.236559139784944,0.6384408602150557
No,17,53.125,53.76344086021505,-0.6384408602150486
