Professional developer for World,Count,Percentage,Percentage in 2018,Difference with previous year
Yes,555,57.8125,53.368421052631575,4.444078947368425
No,405,42.1875,46.63157894736842,-4.444078947368418
