Professional developer for United States,Count,Percentage,Percentage in 2018,Difference with previous year
Yes,110,69.62025316455697,63.829787234042556,5.790465930514415
No,48,30.37974683544304,36.17021276595745,-5.7904659305144115
