Reasons to choose current job,Rank 1,Rank 2,Rank 3,Rank 4,Rank 5
Desire to work in a research environment,23.75,18.75,11.39240506329114,9.722222222222223,11.351351351351353
Freedom to choose own working practices,21.25,10.416666666666668,14.345991561181433,14.351851851851851,9.72972972972973
Desire to advance research,20.833333333333336,19.166666666666668,12.236286919831224,10.648148148148149,5.405405405405405
Opportunity to develop software,11.25,10.833333333333334,13.924050632911392,14.351851851851851,10.27027027027027
Opportunity for career advancement,5.833333333333333,4.166666666666666,7.59493670886076,7.4074074074074066,6.486486486486487
Ability to work across disciplines,5.416666666666667,12.5,9.70464135021097,12.962962962962962,12.972972972972974
I want to learn new skills,5.0,12.916666666666668,11.814345991561181,12.5,14.594594594594595
Flexible working hours,4.583333333333333,6.25,15.18987341772152,10.648148148148149,20.54054054054054
The salary,2.083333333333333,5.0,3.79746835443038,7.4074074074074066,8.64864864864865
