Reasons to choose current job,Rank 1,Rank 2,Rank 3,Rank 4,Rank 5
Desire to work in a research environment,29.03225806451613,16.666666666666664,17.24137931034483,3.7037037037037033,
Desire to advance research,25.806451612903224,20.0,6.896551724137931,18.51851851851852,5.263157894736842
Freedom to choose own working practices,19.35483870967742,13.333333333333334,10.344827586206897,18.51851851851852,21.052631578947366
The salary,12.903225806451612,3.3333333333333335,,,15.789473684210526
I want to learn new skills,9.67741935483871,13.333333333333334,6.896551724137931,11.11111111111111,21.052631578947366
Opportunity to develop software,3.225806451612903,10.0,20.689655172413794,7.4074074074074066,10.526315789473683
Ability to work across disciplines,,10.0,6.896551724137931,22.22222222222222,10.526315789473683
Flexible working hours,,6.666666666666667,20.689655172413794,18.51851851851852,10.526315789473683
Opportunity for career advancement,,6.666666666666667,10.344827586206897,,5.263157894736842
