Reasons to choose current job,Rank 1,Rank 2,Rank 3,Rank 4,Rank 5
Desire to work in a research environment,29.53020134228188,12.837837837837837,9.859154929577464,10.606060606060606,14.166666666666666
Desire to advance research,16.10738255033557,20.945945945945947,14.084507042253522,6.8181818181818175,11.666666666666666
Opportunity to develop software,16.10738255033557,14.18918918918919,9.859154929577464,13.636363636363635,10.0
Freedom to choose own working practices,12.080536912751679,7.4324324324324325,11.267605633802818,13.636363636363635,10.0
Opportunity for career advancement,10.06711409395973,8.108108108108109,2.8169014084507045,5.303030303030303,9.166666666666666
Ability to work across disciplines,5.369127516778524,7.4324324324324325,16.19718309859155,14.393939393939394,12.5
The salary,4.697986577181208,8.783783783783784,6.338028169014084,10.606060606060606,5.833333333333333
I want to learn new skills,4.026845637583892,16.216216216216218,14.084507042253522,15.151515151515152,12.5
Flexible working hours,2.013422818791946,4.054054054054054,15.492957746478872,9.848484848484848,14.166666666666666
