RSE Member for United States,Count,Percentage,Percentage in 2018,Difference with previous year
Yes,96,73.84615384615385,5.084745762711865,68.76140808344199
No,34,26.153846153846157,94.91525423728814,-68.76140808344198
