RSE Member for Netherlands,Count,Percentage,Percentage in 2018,Difference with previous year
Yes,33,61.111111111111114,56.09756097560976,5.0135501355013545
No,21,38.88888888888889,43.90243902439025,-5.0135501355013545
