RSE Member for United Kingdom,Count,Percentage,Percentage in 2018,Difference with previous year
Yes,88,63.76811594202898,46.34146341463415,17.42665252739483
No,50,36.231884057971016,53.65853658536586,-17.426652527394843
