RSE Member for World,Count,Percentage,Percentage in 2018,Difference with previous year
Yes,331,42.70967741935484,21.117166212534062,21.592511206820777
No,444,57.29032258064516,78.88283378746594,-21.59251120682078
