RSE Member for Australia,Count,Percentage,Percentage in 2018,Difference with previous year
Yes,15,50.0,18.181818181818183,31.818181818181817
No,15,50.0,81.81818181818183,-31.818181818181827
