RSE Member for New Zealand,Count,Percentage,Percentage in 2018,Difference with previous year
Yes,12,48.0,22.22222222222222,25.77777777777778
No,13,52.0,77.77777777777779,-25.777777777777786
