Salary for United Kingdom,Count,Percentage,Percentage in 2018,Difference with previous year
"< £18,031",4,2.7210884353741496,4.040404040404041,-1.319315605029891
"≥ £18,031 and < £24,057",1,0.6802721088435374,2.0202020202020203,-1.339929911358483
"≥ £24,057 and < £32,277",9,6.122448979591836,10.606060606060606,-4.483611626468769
"≥ £32,277 and < £43,325",64,43.53741496598639,51.010101010101,-7.47268604411461
"≥ £43,325 and < £58,172",40,27.2108843537415,24.242424242424242,2.968460111317256
"≥ £58,172",21,14.285714285714285,8.080808080808081,6.204906204906203
