Salary for Australia,Count,Percentage,Percentage in 2018,Difference with previous year
"< AUD 45,000",1.0,3.225806451612903,2.5,0.725806451612903
"≥ AUD 45,000 and < AUD 65,000",,,,
"≥ AUD 65,000 and < AUD 85,000",2.0,6.451612903225806,11.25,-4.798387096774194
"≥ AUD 85,000 and < AUD 105,000",7.0,22.58064516129032,42.5,-19.91935483870968
"≥ AUD 105,000 and < AUD 120,000",13.0,41.935483870967744,25.0,16.935483870967744
"≥ AUD 120,000",8.0,25.806451612903224,15.0,10.806451612903224
