How many years of software development experience for United Kingdom (without 95 percentile),Results in 2022,Results in 2018
count,97.0,216.0
mean,7.22680412371134,10.777777777777779
std,3.65862324583754,6.617571160328803
min,0.0,0.0
25%,4.0,5.0
50%,8.0,10.0
75%,10.0,16.0
max,14.0,28.0
