How many years of software development experience for Australia (without 95 percentile),Results in 2022,Results in 2018
count,18.0,90.0
mean,5.944444444444445,12.208888888888888
std,3.2262201927373373,8.156621966085467
min,2.0,0.0
25%,3.25,5.0
50%,5.0,10.0
75%,8.75,20.0
max,12.0,28.0
