How many years of software development experience for World (without 95 percentile),Results in 2022,Results in 2018
count,173.0,52.0
mean,6.427745664739884,9.211538461538462
std,3.695020864724778,5.251840157288433
min,0.0,1.0
25%,3.0,5.0
50%,6.0,10.0
75%,10.0,10.75
max,14.0,24.0
