How many years of software development experience for United States (without 95 percentile),Results in 2022,Results in 2018
count,93.0,139.0
mean,6.440860215053763,14.316546762589928
std,3.459273502490138,10.035470404998911
min,0.0,0.0
25%,4.0,5.0
50%,6.0,12.0
75%,10.0,20.0
max,14.0,38.0
