How many years of software development experience for Netherlands (without 95 percentile),Results in 2022,Results in 2018
count,41.0,51.0
mean,5.7560975609756095,10.950980392156863
std,3.7267981418697604,6.61079034757629
min,0.0,2.0
25%,3.0,5.0
50%,5.0,10.0
75%,7.0,15.0
max,14.0,25.0
