Number of time per year providing training for World (without 95 percentile),Results in 2022,Results in 2018
count,197.0,38.0
mean,1.8020304568527918,2.0789473684210527
std,2.191448113874098,2.7051660182591823
min,0.0,0.0
25%,0.0,0.0
50%,1.0,1.0
75%,3.0,3.0
max,10.0,12.0
