Type of funding for Netherlands,Count,Percentage,Percentage in 2018,Difference with previous year
Institutional support,32.0,48.484848484848484,46.2962962962963,2.188552188552187
Grants,24.0,36.36363636363637,48.148148148148145,-11.784511784511778
Industry support,6.0,9.090909090909092,7.4074074074074066,1.6835016835016852
Foundations & consortiums,5.0,7.575757575757576,3.7037037037037033,3.872053872053873
Consulting & services,2.0,3.0303030303030303,11.11111111111111,-8.08080808080808
Venture capital,1.0,1.5151515151515151,1.8518518518518516,-0.3367003367003365
other. Which of the following sources are used to pay for your effort as a Research Software Engineer? ,1.0,1.5151515151515151,0.0,1.5151515151515151
I volunteer my time,0.0,0.0,29.629629629629626,-29.629629629629626
