Use of version control for Canada,Count,Percentage,Percentage in 2018,Difference with previous year
Git,11.0,100.0,90.9090909090909,9.090909090909093
SVN,0.0,0.0,18.181818181818183,-18.181818181818183
