Using ORCID for World,Count,Percentage,Percentage in 2018,Difference with previous year
Yes,696,84.46601941747572,63.35616438356164,21.10985503391408
No,99,12.014563106796118,14.840182648401825,-2.8256195416057075
