Using ORCID for United Kingdom,Count,Percentage,Percentage in 2018,Difference with previous year
Yes,135,90.60402684563759,73.33333333333333,17.270693512304263
No,9,6.0402684563758395,10.476190476190476,-4.435922019814637
