Using ORCID for Germany,Count,Percentage,Percentage in 2018,Difference with previous year
Yes,169,79.71698113207547,52.55972696245734,27.157254169618135
No,35,16.50943396226415,19.795221843003414,-3.2857878807392638
