Using ORCID for United States,Count,Percentage,Percentage in 2018,Difference with previous year
Yes,115,82.73381294964028,60.902255639097746,21.831557310542536
No,18,12.949640287769784,14.285714285714285,-1.336073997944501
