Using ORCID for New Zealand,Count,Percentage,Percentage in 2018,Difference with previous year
Yes,20,76.92307692307693,62.5,14.423076923076934
No,5,19.230769230769234,18.75,0.4807692307692335
