Using ORCID for Netherlands,Count,Percentage,Percentage in 2018,Difference with previous year
Yes,51,87.93103448275862,52.0,35.93103448275862
No,3,5.172413793103448,20.0,-14.827586206896552
