What is important for such an organisation for United States,Count,Percentage,Percentage in 2018,Difference with previous year
Networking,102.0,63.74999999999999,37.41496598639456,26.33503401360543
Research software standards and interoperability definition,76.0,47.5,36.054421768707485,11.445578231292515
Training,66.0,41.25,32.6530612244898,8.596938775510203
Job opportunities,61.0,38.125,29.25170068027211,8.873299319727892
Research collaborations,52.0,32.5,26.53061224489796,5.969387755102041
other. What would you hope to get out of such an organisation (check all that apply)? ,9.0,5.625,0.0,5.625
