What is important for such an organisation for United Kingdom,Count,Percentage,Percentage in 2018,Difference with previous year
Networking,101.0,57.714285714285715,19.491525423728813,38.222760290556906
Job opportunities,69.0,39.42857142857143,16.101694915254235,23.326876513317195
Research software standards and interoperability definition,68.0,38.857142857142854,15.677966101694915,23.17917675544794
Training,63.0,36.0,15.677966101694915,20.322033898305087
Research collaborations,49.0,28.000000000000004,13.135593220338984,14.864406779661019
other. What would you hope to get out of such an organisation (check all that apply)? ,12.0,6.857142857142858,0.0,6.857142857142858
