What is important for such an organisation for Netherlands,Count,Percentage,Percentage in 2018,Difference with previous year
Networking,38.0,57.57575757575758,18.51851851851852,39.05723905723906
Job opportunities,21.0,31.818181818181817,11.11111111111111,20.707070707070706
Research software standards and interoperability definition,20.0,30.303030303030305,12.962962962962962,17.340067340067343
Training,18.0,27.27272727272727,14.814814814814813,12.457912457912457
Research collaborations,14.0,21.21212121212121,11.11111111111111,10.1010101010101
other. What would you hope to get out of such an organisation (check all that apply)? ,3.0,4.545454545454546,0.0,4.545454545454546
