What is important for such an organisation for Canada,Count,Percentage,Percentage in 2018,Difference with previous year
Networking,9.0,81.81818181818183,54.54545454545454,27.272727272727288
Research software standards and interoperability definition,8.0,72.72727272727273,27.27272727272727,45.45454545454547
Training,6.0,54.54545454545454,27.27272727272727,27.27272727272727
Research collaborations,5.0,45.45454545454545,45.45454545454545,0.0
Job opportunities,4.0,36.36363636363637,27.27272727272727,9.090909090909097
other. What would you hope to get out of such an organisation (check all that apply)? ,1.0,9.090909090909092,0.0,9.090909090909092
