Where the previous job was based for Australia,Count,Percentage,Percentage in 2018,Difference with previous year
University,15,48.38709677419355,58.51063829787234,-10.123541523678789
Private company,7,22.58064516129032,22.340425531914892,0.24021962937542796
This is my first job,4,12.903225806451612,,
National laboratory,3,9.67741935483871,5.319148936170213,4.358270418668497
Government,1,3.225806451612903,9.574468085106384,-6.348661633493481
NGO,1,3.225806451612903,,
