Where the previous job was based for United States,Count,Percentage,Percentage in 2018,Difference with previous year
University,68,45.63758389261745,53.90070921985816,-8.263125327240708
Private company,51,34.22818791946309,28.368794326241137,5.859393593221952
Non-profit organization,9,6.0402684563758395,4.25531914893617,1.7849493074396694
This is my first job,7,4.697986577181208,,
National laboratory,7,4.697986577181208,5.673758865248227,-0.9757722880670192
Government,5,3.3557046979865772,2.8368794326241136,0.5188252653624637
NGO,2,1.342281879194631,,
