Where the previous job was based for Netherlands,Count,Percentage
University,31,49.2063492063492
Private company,14,22.22222222222222
This is my first job,7,11.11111111111111
National laboratory,4,6.349206349206349
Non-profit organization,3,4.761904761904762
Government,2,3.1746031746031744
NGO,1,1.5873015873015872
Other,1,1.5873015873015872
