Working with same researchers for Netherlands,Count,Percentage,Percentage in 2018,Difference with previous year
"Different researchers, same research group",9,15.254237288135593,17.647058823529413,-2.3928215353938196
Regularly change researcher(s),34,57.6271186440678,52.94117647058824,4.68594217347956
Same researcher(s),16,27.11864406779661,29.411764705882355,-2.293120638085746
