Working with same researchers for United Kingdom,Count,Percentage,Percentage in 2018,Difference with previous year
"Different researchers, same research group",19,12.418300653594772,15.887850467289718,-3.4695498136949467
Regularly change researcher(s),81,52.94117647058824,38.78504672897196,14.156129741616276
Same researcher(s),53,34.64052287581699,45.32710280373832,-10.68657992792133
