Working with same researchers for Australia,Count,Percentage,Percentage in 2018,Difference with previous year
"Different researchers, same research group",5,16.129032258064516,20.224719101123593,-4.095686843059077
Regularly change researcher(s),17,54.83870967741935,50.56179775280899,4.27691192461036
Same researcher(s),9,29.03225806451613,29.213483146067414,-0.18122508155128259
