Working with same researchers for World,Count,Percentage,Percentage in 2018,Difference with previous year
"Different researchers, same research group",133,15.62867215041128,17.133258678611423,-1.504586528200143
Regularly change researcher(s),390,45.82843713278496,38.297872340425535,7.530564792359428
Same researcher(s),328,38.54289071680376,44.568868980963046,-6.025978264159285
