Working with same researchers for Germany,Count,Percentage,Percentage in 2018,Difference with previous year
"Different researchers, same research group",34,15.668202764976957,17.966101694915253,-2.2978989299382953
Regularly change researcher(s),89,41.013824884792626,33.220338983050844,7.793485901741782
Same researcher(s),94,43.31797235023041,48.8135593220339,-5.49558697180349
