Working with same researchers for United States,Count,Percentage,Percentage in 2018,Difference with previous year
"Different researchers, same research group",15,10.48951048951049,17.391304347826086,-6.901793858315596
Regularly change researcher(s),63,44.05594405594406,34.05797101449276,9.997973041451303
Same researcher(s),65,45.45454545454545,48.55072463768116,-3.0961791831357033
